# t_phys, cir150, cir750, cir1550, total_mass
0, 0, 0, 0, 1317
0.00866666666667, 0.00868802674203, 0, 0, 1292.74620061
0.0173333333333, -0.00953998059647, -0.000339410336014, 0, 1291.17759446
0.026, 0.0284513965874, 0.000193940978828, 0.000437123472789, 1289.94444471
0.0346666666667, 0.150759785493, 4.03315370589e-05, 5.80947017035e-05, 1288.62691615
0.0433333333333, 0.312166581024, -0.000466925568474, 0.000105501711124, 1288.12765224
0.052, 0.433888242732, 0.000233422447754, 5.68566577338e-05, 1287.65837367
0.0606666666667, 0.520884591095, -2.85206493476e-05, 1.70337919318e-05, 1287.14587281
0.0693333333333, 0.547910287052, -4.41899875727e-05, 1.03415661316e-05, 1286.80201095
0.078, 0.519182538594, 6.98502304937e-05, 4.02715469682e-05, 1286.47124984
0.0866666666667, 0.472267973267, -6.54472777964e-05, -1.67010599477e-06, 1286.20056523
0.0953333333333, 0.430133509013, 5.42488084317e-05, -2.16341012331e-05, 1285.9550101
0.104, 0.393953929592, -4.29757817382e-05, 1.92749123653e-05, 1285.73494684
0.112666666667, 0.363391259043, 3.32785797481e-05, -1.11099359725e-05, 1285.53317535
0.121333333333, 0.336991825934, -2.24733955187e-05, 4.26474185826e-06, 1285.35083813
0.13, 0.3141571125, 1.48380750559e-05, -7.78263184068e-07, 1285.18528923
0.138666666667, 0.294168146929, -9.98358572987e-06, -4.6024132323e-07, 1285.03084807
0.147333333333, 0.276627442076, 6.78325506259e-06, 7.40079239209e-07, 1284.88952739
0.156, 0.261154158733, -4.54232272374e-06, -6.70539699484e-07, 1284.75728408
0.164666666667, 0.247475610683, 3.00381020803e-06, 5.09280933363e-07, 1284.63396833
0.173333333333, 0.23535840083, 3.24573191101e-07, -3.30846286875e-07, 1284.51851561
0.182, 0.224601054051, -1.22035863497e-05, 1.88763499627e-07, 1284.40999567
0.190666666667, 0.215036690585, 2.01834062242e-05, -1.07772771365e-07, 1284.30779158
0.199333333333, 0.206505791841, 0.000137208275099, 6.43992266267e-08, 1284.21127081
0.208, 0.198872728536, -0.000500784818009, -3.75929504294e-08, 1284.11992069
0.216666666667, 0.192003951631, -0.00141653540612, 2.216602909e-08, 1284.0333248
0.225333333333, 0.185784904443, 0.00356618935014, -1.35993230058e-08, 1283.95105528
0.234, 0.180105908766, 0.0210842055194, 8.20443129424e-09, 1283.87279011
0.242666666667, 0.174872419773, 0.0494248272219, -4.85258191944e-09, 1283.79821117
0.251333333333, 0.169998296322, 0.0822721287148, 2.76709135267e-09, 1283.72705129
0.26, 0.165410334101, 0.113096884446, -1.68219574954e-09, 1283.65906549
0.268666666667, 0.161045263533, 0.134083992704, 1.17451929953e-09, 1283.59403318
0.277333333333, 0.156850876939, 0.142085261442, -7.57692977639e-10, 1283.53175795
0.286, 0.15278435064, 0.141994168783, 2.66679234025e-10, 1283.47205872
0.294666666667, 0.148811885232, 0.139245868127, -4.7755709782e-11, 1283.41477312
0.303333333333, 0.1449073464, 0.13562802771, 2.25513693283e-10, 1283.35975196
0.312, 0.141051421016, 0.131759929328, -4.5180043303e-11, 1283.30685919
0.320666666667, 0.137230450665, 0.128178495996, -2.66022833386e-11, 1283.25596988
0.329333333333, 0.133435522378, 0.12490107888, -5.88742346508e-11, 1283.20696929
0.338, 0.129661537531, 0.121741008398, -4.35755117436e-11, 1283.15975155
0.346666666667, 0.125906428794, 0.118666782516, -2.43219293981e-11, 1283.11421902
0.355333333333, 0.122170467108, 0.115741958827, -7.58078315497e-12, 1283.07028122
0.364, 0.118455669127, 0.112990490359, -4.98764438007e-11, 1283.02785435
0.372666666667, 0.114765313413, 0.110384304909, 4.68526465571e-11, 1282.98686053
0.381333333333, 0.111103530179, 0.107890602277, 5.49197941957e-10, 1282.9472273
0.39, 0.107474983594, 0.10549466311, -3.58706086059e-09, 1282.90888715
0.398666666667, 0.103884608385, 0.103194441818, 8.74732195979e-09, 1282.87177707
0.407333333333, 0.100337413515, 0.100989244502, 1.37076151795e-08, 1282.83583815
0.416, 0.0968383256591, 0.0988749322627, -1.58096774481e-07, 1282.80101528
0.424666666667, 0.0933920769975, 0.0968446737539, 2.83579793863e-07, 1282.7672568
0.433333333333, 0.0900031207936, 0.0948911422499, 1.11363505267e-06, 1282.73451425
0.442, 0.086675574914, 0.0930079457565, -4.69972320314e-06, 1282.70274211
0.450666666667, 0.0834131836503, 0.0911900205283, -5.84190556361e-06, 1282.67189755
0.459333333333, 0.0802192964917, 0.0894334590065, 4.37213591562e-05, 1282.64194029
0.468, 0.0770968583676, 0.0877351914547, 5.67112543728e-05, 1282.61283233
0.476666666667, 0.0740484097587, 0.0860927639757, -0.000285036549472, 1282.58453786
0.485333333333, 0.0710760935924, 0.0845042153762, -0.000807477321926, 1282.55702304
0.494, 0.0681816675863, 0.0829680241881, 0.000242578130968, 1282.5302559
0.502666666667, 0.065366520294, 0.0814830770106, 0.00571603295891, 1282.50420622
0.511333333333, 0.0626316898787, 0.080048638302, 0.0171643686919, 1282.47884536
0.52, 0.0599778846307, 0.0786643107837, 0.0328693520257, 1282.45414621
0.528666666667, 0.0574055045635, 0.0773299838052, 0.0483918366341, 1282.43008306
0.537333333333, 0.0549146635362, 0.0760457722097, 0.059340862502, 1282.40663151
0.546, 0.0525052114732, 0.074811949161, 0.0641036340616, 1282.38376839
0.554666666667, 0.0501767563736, 0.0736288778544, 0.0642308197536, 1282.3614717
0.563333333333, 0.047928685848, 0.0724969454901, 0.0625122700247, 1282.3397205
0.572, 0.0457601880166, 0.0714165023199, 0.0609317851824, 1282.31849487
0.580666666667, 0.0436702716197, 0.0703878073434, 0.060060421743, 1282.29777587
0.589333333333, 0.0416577852568, 0.0694109817919, 0.05960179021, 1282.27754542
0.598, 0.0397214356805, 0.0684859710389, 0.0591244016166, 1282.25778631
0.606666666667, 0.0378598051124, 0.0676125153174, 0.0584317636046, 1282.23848211
0.615333333333, 0.0360713675531, 0.0667901293065, 0.0575607767367, 1282.21961715
0.624, 0.0343545040861, 0.0660180903766, 0.0566349670741, 1282.20117648
0.632666666667, 0.0327075171781, 0.0652954350102, 0.0557513175366, 1282.18314578
0.641333333333, 0.0311286439925, 0.0646209626865, 0.0549462981317, 1282.16551141
0.65, 0.0296160687388, 0.0639932463361, 0.0542115653354, 1282.14826027
0.658666666667, 0.0281679340856, 0.063410648353, 0.0535217966884, 1282.13137989
0.667333333333, 0.0267823516707, 0.0628713410809, 0.0528544488095, 1282.11485827
0.676, 0.0254574117425, 0.0623733306786, 0.0521971487992, 1282.09868397
0.684666666667, 0.0241911919711, 0.0619144832975, 0.0515465730283, 1282.08284599
0.693333333333, 0.0229817654684, 0.061492552571, 0.050904288985, 1282.06733381
0.702, 0.0218272080555, 0.0611052075088, 0.0502731520896, 1282.05213732
0.710666666667, 0.0207256048199, 0.0607500600027, 0.0496553979784, 1282.03724685
0.719333333333, 0.0196750560002, 0.0604246912716, 0.0490521132301, 1282.02265309
0.728, 0.0186736822392, 0.060126676705, 0.0484634061159, 1282.00834712
0.736666666667, 0.0177196292441, 0.0598536086877, 0.0478887790597, 1281.99432035
0.745333333333, 0.0168110718918, 0.0596031171085, 0.0473274653837, 1281.98056455
0.754, 0.0159462178158, 0.0593728873677, 0.0467786580501, 1281.9670718
0.762666666667, 0.0151233105118, 0.059160675793, 0.0462416313445, 1281.95383448
0.771333333333, 0.0143406319952, 0.0589643224607, 0.0457157829212, 1281.94084525
0.78, 0.0135965050446, 0.0587817614869, 0.0452006292988, 1281.92809707
0.788666666667, 0.0128892950632, 0.0586110289122, 0.0446957827777, 1281.91558314
0.797333333333, 0.0122174115882, 0.0584502683431, 0.0442009273747, 1281.90329692
0.806, 0.0115793094772, 0.0582977345469, 0.0437158011722, 1281.89123212
0.814666666667, 0.0109734897999, 0.0581517952148, 0.0432401857246, 1281.87938266
0.823333333333, 0.0103985004603, 0.0580109311179, 0.0427739003332, 1281.86774268
0.832, 0.00985293657504, 0.0578737348831, 0.0423167987885, 1281.85630656
0.840666666667, 0.00933544063079, 0.0577389086109, 0.0418687670273, 1281.84506884
0.849333333333, 0.00884470244244, 0.0576052605467, 0.041429721009, 1281.83402426
0.858, 0.00837945893341, 0.0574717010041, 0.0409996046122, 1281.82316777
0.866666666667, 0.00793849375677, 0.0573372377206, 0.0405783875183, 1281.81249446
0.875333333333, 0.00752063677553, 0.0572009708098, 0.0401660630547, 1281.80199961
0.884, 0.00712476341887, 0.0570620874537, 0.039762645952, 1281.79167864
0.892666666667, 0.00674979392995, 0.0569198564588, 0.0393681699755, 1281.78152716
0.901333333333, 0.00639469251973, 0.0567736227839, 0.0389826854165, 1281.77154088
0.91, 0.00605846644033, 0.0566228021252, 0.0386062564584, 1281.76171569
0.918666666667, 0.00574016499023, 0.0564668756326, 0.0382389584486, 1281.7520476
0.927333333333, 0.0054388784626, 0.0563053848114, 0.0378808751127, 1281.74253275
0.936, 0.00515373704737, 0.056137926654, 0.0375320957477, 1281.73316741
0.944666666667, 0.00488390969635, 0.055964149031, 0.0371927124254, 1281.72394796
0.953333333333, 0.00462860296021, 0.0557837463616, 0.0368628172392, 1281.7148709
0.962, 0.00438705980517, 0.0555964555772, 0.0365424996197, 1281.70593286
0.970666666667, 0.00415855841643, 0.0554020523789, 0.0362318437516, 1281.69713054
0.979333333333, 0.00394241099491, 0.0552003477901, 0.0359309261168, 1281.68846077
0.988, 0.00373796255282, 0.0549911849947, 0.0356398131938, 1281.67992048
0.996666666667, 0.00354458971342, 0.0547744364529, 0.0353585593355, 1281.67150666
1.00533333333, 0.00336169951935, 0.0545500012791, 0.0350872048519, 1281.66321644
1.014, 0.00318872825358, 0.0543178028681, 0.0348257743133, 1281.655047
1.02266666667, 0.00302514027653, 0.0540777867523, 0.0345742750917, 1281.64699562
1.03133333333, 0.0028704268824, 0.0538299186735, 0.0343326961508, 1281.63905966
1.04, 0.00272410517728, 0.053574182851, 0.0341010070914, 1281.63123656
1.04866666667, 0.00258571698139, 0.053310580429, 0.0338791574535, 1281.62352383
1.05733333333, 0.00245482775718, 0.0530391280877, 0.0336670762755, 1281.61591906
1.066, 0.00233102556503, 0.0527598567996, 0.0334646719009, 1281.6084199
1.07466666667, 0.00221392004762, 0.0524728107191, 0.0332718320271, 1281.60102408
1.08333333333, 0.00210314144417, 0.0521780461875, 0.0330884239796, 1281.59372938
1.092, 0.00199833963502, 0.0518756308434, 0.0329142951987, 1281.58653366
1.10066666667, 0.00189918321737, 0.0515656428244, 0.0327492739203, 1281.57943483
1.10933333333, 0.00180535861231, 0.0512481700495, 0.0325931700303, 1281.57243086
1.118, 0.00171656920335, 0.0509233095724, 0.0324457760736, 1281.56551978
1.12666666667, 0.00163253450645, 0.0505911669959, 0.0323068683952, 1281.55869967
1.13533333333, 0.00155298937143, 0.0502518559404, 0.032176208392, 1281.55196867
1.144, 0.0014776832144, 0.0499054975581, 0.0320535438537, 1281.54532495
1.15266666667, 0.00140637928099, 0.049552220087, 0.0319386103717, 1281.53876677
1.16133333333, 0.0013388539397, 0.0491921584388, 0.0318311327952, 1281.53229239
1.17, 0.00127489600509, 0.0488254538163, 0.031730826716, 1281.52590016
1.17866666667, 0.00121430608992, 0.0484522533554, 0.0316373999628, 1281.51958843
1.18733333333, 0.0011568959858, 0.0480727097875, 0.0315505540887, 1281.51335564
1.196, 0.00110248807147, 0.0476869811201, 0.0314699858366, 1281.50720024
1.20466666667, 0.00105091474802, 0.0472952303324, 0.0313953885689, 1281.50112072
1.21333333333, 0.00100201790031, 0.046897625083, 0.0313264536493, 1281.49511563
1.222, 0.000955648383647, 0.0464943374281, 0.0312628717653, 1281.48918354
1.23066666667, 0.000911665535046, 0.0460855435484, 0.031204334185, 1281.48332306
1.23933333333, 0.000869936708101, 0.0456714234834, 0.0311505339379, 1281.47753284
1.248, 0.000830336830732, 0.0452521608716, 0.0311011669167, 1281.47181156
1.25666666667, 0.000792747984892, 0.0448279426959, 0.0310559328935, 1281.46615794
1.26533333333, 0.000757059007427, 0.044398959033, 0.0310145364492, 1281.46057073
1.274, 0.000723165111249, 0.0439654028067, 0.0309766878136, 1281.4550487
1.28266666667, 0.000690967525993, 0.0435274695442, 0.0309421036157, 1281.44959066
1.29133333333, 0.000660373157347, 0.0430853571349, 0.0309105075453, 1281.44419545
1.3, 0.000631294264266, 0.0426392655921, 0.0308816309259, 1281.43886194
1.30866666667, 0.000603648153281, 0.0421893968166, 0.030855213203, 1281.43358902
1.31733333333, 0.000577356889141, 0.0417359543627, 0.0308310023497, 1281.42837562
1.326, 0.000552347021057, 0.0412791432059, 0.030808755193, 1281.42322067
1.33466666667, 0.00052854932381, 0.0408191695128, 0.0307882376654, 1281.41812315
1.34333333333, 0.000505898553034, 0.0403562404139, 0.0307692249857, 1281.41308206
1.352, 0.000484333213991, 0.0398905637771, 0.0307515017744, 1281.40809642
1.36066666667, 0.000463795343187, 0.039422347985, 0.0307348621078, 1281.40316527
1.36933333333, 0.000444230302193, 0.0389518017138, 0.0307191095162, 1281.39828768
1.378, 0.000425586583057, 0.0384791337153, 0.0307040569317, 1281.39346273
1.38666666667, 0.000407815624729, 0.0380045526011, 0.0306895265899, 1281.38868954
1.39533333333, 0.000390871639936, 0.0375282666309, 0.0306753498915, 1281.38396723
1.404, 0.000374711451949, 0.0370504835027, 0.0306613672274, 1281.37929494
1.41266666667, 0.000359294340751, 0.0365714101472, 0.0306474277732, 1281.37467186
1.42133333333, 0.000344581898081, 0.0360912525262, 0.0306333892577, 1281.37009716
1.43, 0.000330537890901, 0.0356102154335, 0.030619117708, 1281.36557006
1.43866666667, 0.000317128132817, 0.0351285023015, 0.0306044871779, 1281.36108977
1.44733333333, 0.000304320363036, 0.0346463150106, 0.030589379461, 1281.35665553
1.456, 0.000292084132426, 0.0341638537043, 0.0305736837937, 1281.35226661
1.46466666667, 0.000280390696307, 0.0336813166078, 0.0305572965503, 1281.34792227
1.47333333333, 0.000269212913583, 0.0331988998528, 0.0305401209337, 1281.34362181
1.482, 0.000258525151861, 0.0327167973062, 0.030522066664, 1281.33936453
1.49066666667, 0.000248303198226, 0.0322352004044, 0.0305030496682, 1281.33514975
1.49933333333, 0.000238524175345, 0.0317542979937, 0.0304829917716, 1281.3309768
1.508, 0.000229166462588, 0.0312742761752, 0.0304618203945, 1281.32684504
1.51666666667, 0.000220209621893, 0.030795318156, 0.0304394682543, 1281.32275382
1.52533333333, 0.000211634328082, 0.0303176041067, 0.0304158730756, 1281.31870253
1.534, 0.000203422303378, 0.0298413110236, 0.0303909773085, 1281.31469055
1.54266666667, 0.000195556255882, 0.0293666125988, 0.0303647278563, 1281.31071729
1.55133333333, 0.000188019821763, 0.0288936790949, 0.0303370758136, 1281.30678215
1.56, 0.00018079751095, 0.028422677227, 0.0303079762156, 1281.30288457
1.56866666667, 0.000173874656118, 0.0279537700509, 0.0302773877977, 1281.29902399
1.57733333333, 0.000167237364767, 0.0274871168576, 0.030245272767, 1281.29519985
1.586, 0.000160872474217, 0.0270228730745, 0.030211596586, 1281.29141162
1.59466666667, 0.000154767509325, 0.0265611901732, 0.0301763277666, 1281.28765877
1.60333333333, 0.000148910642787, 0.0261022155836, 0.0301394376768, 1281.28394078
1.612, 0.00014329065784, 0.0256460926154, 0.0301009003581, 1281.28025715
1.62066666667, 0.000137896913245, 0.0251929603852, 0.0300606923545, 1281.27660738
1.62933333333, 0.000132719310381, 0.0247429537512, 0.0300187925518, 1281.27299098
1.638, 0.000127748262357, 0.0242962032539, 0.0299751820277, 1281.26940748
1.64666666667, 0.000122974664982, 0.0238528350636, 0.0299298439122, 1281.26585641
1.65533333333, 0.000118389869512, 0.0234129709344, 0.029882763257, 1281.26233732
1.664, 0.000113985657034, 0.022976728165, 0.0298339269153, 1281.25884974
1.67266666667, 0.000109754214409, 0.0225442195653, 0.0297833234287, 1281.25539325
1.68133333333, 0.000105688111671, 0.0221155534301, 0.0297309429244, 1281.25196741
1.69, 0.000101780280781, 0.0216908335183, 0.0296767770186, 1281.2485718
1.69866666667, 9.80239956684e-05, 0.0212701590392, 0.0296208187284, 1281.245206
1.70733333333, 9.44128534708e-05, 0.0208536246441, 0.0295630623897, 1281.24186961
1.716, 9.09407568956e-05, 0.0204413204239, 0.0295035035827, 1281.23856222
1.72466666667, 8.76018976412e-05, 0.0200333319132, 0.0294421390624, 1281.23528345
1.73333333333, 8.43907408049e-05, 0.0196297400995, 0.0293789666952, 1281.2320329
1.742, 8.13020102205e-05, 0.0192306214382, 0.0293139854008, 1281.22881021
1.75066666667, 7.83306746643e-05, 0.0188360478728, 0.0292471950988, 1281.22561499
1.75933333333, 7.54719348783e-05, 0.0184460868608, 0.0291785966595, 1281.2224469
1.768, 7.27212113568e-05, 0.0180608014042, 0.0291081918595, 1281.21930556
1.77666666667, 7.00741328517e-05, 0.0176802500853, 0.0290359833399, 1281.21619064
1.78533333333, 6.75265255487e-05, 0.0173044871074, 0.0289619745693, 1281.21310178
1.794, 6.50744028759e-05, 0.0169335623396, 0.0288861698087, 1281.21003865
1.80266666667, 6.27139559021e-05, 0.0165675213661, 0.0288085740802, 1281.20700091
1.81133333333, 6.04415442902e-05, 0.0162064055405, 0.028729193138, 1281.20398825
1.82, 5.82536877716e-05, 0.0158502520429, 0.0286480334415, 1281.20100034
1.82866666667, 5.61470581073e-05, 0.015499093942, 0.0285651021306, 1281.19803687
1.83733333333, 5.41184715075e-05, 0.01515296026, 0.0284804070036, 1281.19509753
1.846, 5.21648814801e-05, 0.0148118760417, 0.028393956496, 1281.19218201
1.85466666667, 5.02833720824e-05, 0.0144758624262, 0.0283057596614, 1281.18929003
1.86333333333, 4.84711515505e-05, 0.0141449367218, 0.0282158261535, 1281.18642128
1.872, 4.67255462844e-05, 0.0138191124846, 0.0281241662096, 1281.18357548
1.88066666667, 4.50439951656e-05, 0.0134983995981, 0.0280307906351, 1281.18075235
1.88933333333, 4.34240441875e-05, 0.0131828043574, 0.0279357107891, 1281.17795161
1.898, 4.18633413797e-05, 0.0128723295535, 0.0278389385708, 1281.17517299
1.90666666667, 4.03596320086e-05, 0.0125669745615, 0.0277404864068, 1281.17241622
1.91533333333, 3.89107540369e-05, 0.0122667354293, 0.0276403672391, 1281.16968104
1.924, 3.7514633827e-05, 0.0119716049691, 0.0275385945133, 1281.16696719
1.93266666667, 3.61692820719e-05, 0.0116815728497, 0.0274351821681, 1281.16427441
1.94133333333, 3.48727899443e-05, 0.0113966256901, 0.0273301446247, 1281.16160245
1.95, 3.36233254455e-05, 0.011116747155, 0.0272234967768, 1281.15895108
1.95866666667, 3.24191299463e-05, 0.0108419180501, 0.0271152539808, 1281.15632004
1.96733333333, 3.12585149059e-05, 0.0105721164191, 0.0270054320465, 1281.1537091
1.976, 3.0139858761e-05, 0.0103073176411, 0.0268940472282, 1281.15111802
1.98466666667, 2.90616039729e-05, 0.010047494528, 0.0267811162154, 1281.14854658
1.99333333333, 2.80222542236e-05, 0.00979261742265, 0.0266666561243, 1281.14599455
2.002, 2.70203717545e-05, 0.0095426542971, 0.0265506844892, 1281.14346171
2.01066666667, 2.60545748363e-05, 0.00929757085035, 0.026433219254, 1281.14094783
2.01933333333, 2.51235353651e-05, 0.0090573306064, 0.0263142787638, 1281.13845271
2.028, 2.42259765764e-05, 0.00882189501175, 0.0261938817567, 1281.13597612
2.03666666667, 2.33606708709e-05, 0.00859122353242, 0.0260720473552, 1281.13351788
2.04533333333, 2.25264377446e-05, 0.00836527375043, 0.0259487950587, 1281.13107775
2.054, 2.17221418189e-05, 0.00814400145944, 0.0258241447342, 1281.12865556
2.06266666667, 2.09466909653e-05, 0.00792736075967, 0.0256981166093, 1281.12625109
2.07133333333, 2.01990345171e-05, 0.00771530415171, 0.0255707312627, 1281.12386416
2.08, 1.94781615662e-05, 0.00750778262931, 0.0254420096172, 1281.12149456
2.08866666667, 1.87830993384e-05, 0.007304745771, 0.0253119729303, 1281.11914212
2.09733333333, 1.81129116446e-05, 0.00710614183041, 0.0251806427866, 1281.11680664
2.106, 1.74666974025e-05, 0.00691191782511, 0.0250480410892, 1281.11448794
2.11466666667, 1.68435892252e-05, 0.00672201962417, 0.0249141900511, 1281.11218584
2.12333333333, 1.62427520737e-05, 0.006536392034, 0.0247791121869, 1281.10990017
2.132, 1.56633819709e-05, 0.00635497888265, 0.0246428303042, 1281.10763074
2.14066666667, 1.51047047708e-05, 0.00617772310241, 0.0245053674951, 1281.10537739
2.14933333333, 1.45659749835e-05, 0.00600456681063, 0.0243667471272, 1281.10313994
2.158, 1.4046474651e-05, 0.00583545138873, 0.0242269928351, 1281.10091823
2.16666666667, 1.35455122729e-05, 0.00567031755936, 0.0240861285116, 1281.0987121
2.17533333333, 1.3062421777e-05, 0.00550910546163, 0.0239441782986, 1281.09652138
2.184, 1.25965615352e-05, 0.00535175472435, 0.0238011665784, 1281.09434591
2.19266666667, 1.21473134216e-05, 0.00519820453735, 0.0236571179644, 1281.09218554
2.20133333333, 1.17140819086e-05, 0.0050483937207, 0.0235120572922, 1281.0900401
2.21, 1.12962932038e-05, 0.00490226079189, 0.0233660096104, 1281.08790945
2.21866666667, 1.08933944205e-05, 0.00475974403101, 0.0232190001712, 1281.08579344
2.22733333333, 1.05048527842e-05, 0.0046207815437, 0.0230710544214, 1281.08369192
2.236, 1.01301548711e-05, 0.00448531132211, 0.0229221979927, 1281.08160474
2.24466666667, 9.76880587797e-06, 0.00435327130368, 0.0227724566928, 1281.07953176
2.25333333333, 9.42032892227e-06, 0.00422459942784, 0.0226218564952, 1281.07747284
2.262, 9.08426436995e-06, 0.00409923369054, 0.0224704235304, 1281.07542783
2.27066666667, 8.7601691905e-06, 0.0039771121967, 0.0223181840759, 1281.0733966
2.27933333333, 8.44761633847e-06, 0.00385817321057, 0.0221651645467, 1281.07137902
2.288, 8.1461941587e-06, 0.00374235520389, 0.0220113914857, 1281.06937494
2.29666666667, 7.85550581634e-06, 0.0036295969021, 0.0218568915539, 1281.06738425
2.30533333333, 7.57516874796e-06, 0.00351983732835, 0.0217016915209, 1281.0654068
2.314, 7.30481413555e-06, 0.00341301584555, 0.0215458182547, 1281.06344247
2.32266666667, 7.04408640019e-06, 0.00330907219634, 0.0213892987124, 1281.06149113
2.33133333333, 6.79264271606e-06, 0.00320794654109, 0.0212321599303, 1281.05955266
2.34, 6.55015254279e-06, 0.00310957949387, 0.0210744290139, 1281.05762694
2.34866666667, 6.31629717598e-06, 0.00301391215658, 0.0209161331281, 1281.05571384
2.35733333333, 6.09076931521e-06, 0.002920886151, 0.0207572994876, 1281.05381325
2.366, 5.87327264824e-06, 0.00283044364915, 0.0205979553469, 1281.05192504
2.37466666667, 5.66352145132e-06, 0.00274252740163, 0.0204381279903, 1281.05004911
2.38333333333, 5.46124020508e-06, 0.00265708076428, 0.0202778447225, 1281.04818533
2.392, 5.26616322397e-06, 0.00257404772301, 0.0201171328586, 1281.04633359
2.40066666667, 5.07803430016e-06, 0.00249337291692, 0.019956019714, 1281.04449379
2.40933333333, 4.89660636123e-06, 0.00241500165968, 0.0197945325952, 1281.0426658
2.418, 4.72164114011e-06, 0.00233887995939, 0.0196326987897, 1281.04084953
2.42666666667, 4.55290885757e-06, 0.00226495453671, 0.0194705455563, 1281.03904487
2.43533333333, 4.39018791685e-06, 0.00219317284146, 0.0193081001158, 1281.0372517
2.444, 4.2332646088e-06, 0.00212348306778, 0.0191453896409, 1281.03546993
2.45266666667, 4.08193282901e-06, 0.00205583416775, 0.0189824412469, 1281.03369946
2.46133333333, 3.93599380443e-06, 0.0019901758636, 0.0188192819822, 1281.03194017
2.47, 3.79525583058e-06, 0.00192645865857, 0.0186559388187, 1281.03019198
2.47866666667, 3.65953401834e-06, 0.00186463384639, 0.0184924386427, 1281.02845477
2.48733333333, 3.52865005041e-06, 0.00180465351955, 0.0183288082452, 1281.02672847
2.496, 3.40243194547e-06, 0.00174647057629, 0.0181650743131, 1281.02501296
2.50466666667, 3.28071383226e-06, 0.00169003872637, 0.0180012634197, 1281.02330815
2.51333333333, 3.16333573155e-06, 0.00163531249576, 0.0178374020156, 1281.02161396
2.522, 3.05014334542e-06, 0.00158224723018, 0.0176735164202, 1281.01993028
2.53066666667, 2.94098785496e-06, 0.00153079909763, 0.0175096328121, 1281.01825702
2.53933333333, 2.83572572539e-06, 0.00148092508984, 0.0173457772209, 1281.0165941
2.548, 2.73421851693e-06, 0.00143258302288, 0.0171819755185, 1281.01494143
2.55666666667, 2.63633270397e-06, 0.00138573153669, 0.0170182534099, 1281.01329891
2.56533333333, 2.54193950031e-06, 0.00134033009388, 0.0168546364256, 1281.01166647
2.574, 2.45091469061e-06, 0.0012963389776, 0.0166911499126, 1281.01004401
2.58266666667, 2.36313846752e-06, 0.00125371928866, 0.0165278190266, 1281.00843145
2.59133333333, 2.2784952753e-06, 0.00121243294193, 0.0163646687236, 1281.0068287
2.6, 2.19687365897e-06, 0.0011724426619, 0.0162017237522, 1281.0052357
2.60866666667, 2.11816611842e-06, 0.00113371197777, 0.0160390086458, 1281.00365234
2.61733333333, 2.04226896811e-06, 0.00109620521771, 0.0158765477146, 1281.00207855
2.626, 1.96908220173e-06, 0.00105988750269, 0.0157143650384, 1281.00051426
2.63466666667, 1.89850936166e-06, 0.00102472473961, 0.015552484459, 1280.99895938
2.64333333333, 1.83045741314e-06, 0.000990683614049, 0.0153909295732, 1280.99741384
2.652, 1.76483662263e-06, 0.000957731582396, 0.0152297237255, 1280.99587755
2.66066666667, 1.70156044119e-06, 0.000925836863627, 0.0150688900013, 1280.99435045
2.66933333333, 1.64054539145e-06, 0.000894968430618, 0.01490845122, 1280.99283246
2.678, 1.58171095841e-06, 0.00086509600108, 0.0147484299288, 1280.9913235
2.68666666667, 1.52497948504e-06, 0.000836190028139, 0.0145888483956, 1280.9898235
2.69533333333, 1.4702760707e-06, 0.000808221690591, 0.0144297286035, 1280.98833239
2.704, 1.41752847336e-06, 0.000781162882858, 0.0142710922442, 1280.9868501
2.71266666667, 1.36666701554e-06, 0.000754986204678, 0.0141129607123, 1280.98537655
2.72133333333, 1.31762449364e-06, 0.000729664950549, 0.0139553550997, 1280.98391168
2.73, 1.27033609018e-06, 0.00070517309896, 0.0137982961898, 1280.98245542
2.73866666667, 1.22473928923e-06, 0.000681485301432, 0.0136418044522, 1280.9810077
2.74733333333, 1.18077379476e-06, 0.000658576871386, 0.0134859000379, 1280.97956845
2.756, 1.13838145262e-06, 0.000636423772873, 0.0133306027736, 1280.97813761
2.76466666667, 1.09750617388e-06, 0.000615002609176, 0.0131759321579, 1280.9767151
2.77333333333, 1.05809386229e-06, 0.000594290611317, 0.0130219073556, 1280.97530088
2.782, 1.02009234332e-06, 0.000574265626475, 0.0128685471944, 1280.97389486
2.79066666667, 9.83451296497e-07, 0.000554906106343, 0.0127158701598, 1280.97249699
2.79933333333, 9.48122189482e-07, 0.000536191095449, 0.0125638943916, 1280.97110721
2.808, 9.14058214621e-07, 0.000518100219435, 0.0124126376799, 1280.96972544
2.81666666667, 8.81214227979e-07, 0.000500613673342, 0.0122621174615, 1280.96835164
2.82533333333, 8.49546690505e-07, 0.000483712209883, 0.0121123508168, 1280.96698574
2.834, 8.19013611225e-07, 0.000467377127748, 0.011963354466, 1280.96562768
2.84266666667, 7.8957449221e-07, 0.000451590259938, 0.0118151447666, 1280.9642774
2.85133333333, 7.61190275473e-07, 0.000436333962141, 0.0116677377103, 1280.96293484
2.86, 7.33823292647e-07, 0.000421591101173, 0.0115211489205, 1280.96159994
2.86866666667, 7.07437215099e-07, 0.000407345043486, 0.0113753936501, 1280.96027266
2.87733333333, 6.81997006649e-07, 0.000393579643753, 0.0112304867789, 1280.95895292
2.886, 6.57468877889e-07, 0.000380279233552, 0.0110864428117, 1280.95764067
2.89466666667, 6.33820241863e-07, 0.000367428610142, 0.0109432758769, 1280.95633586
2.90333333333, 6.11019671633e-07, 0.000355013025352, 0.0108009997243, 1280.95503844
2.912, 5.8903685838e-07, 0.000343018174586, 0.010659627724, 1280.95374834
2.92066666667, 5.6784257287e-07, 0.000331430185952, 0.0105191728654, 1280.95246552
2.92933333333, 5.47408626641e-07, 0.000320235609518, 0.0103796477556, 1280.95118992
2.938, 5.27707834989e-07, 0.000309421406715, 0.0102410646194, 1280.94992149
2.94666666667, 5.08713981359e-07, 0.000298974939872, 0.0101034352979, 1280.94866017
2.95533333333, 4.90401783364e-07, 0.000288883961906, 0.0099667712484, 1280.94740592
2.964, 4.72746859377e-07, 0.000279136606163, 0.00983108354442, 1280.94615868
2.97266666667, 4.55725696512e-07, 0.000269721376412, 0.00969638287524, 1280.94491841
2.98133333333, 4.39315619736e-07, 0.000260627137007, 0.0095626795463, 1280.94368505
2.99, 4.23494762377e-07, 0.000251843103206, 0.00942998347944, 1280.94245856
2.99866666667, 4.08242037203e-07, 0.000243358831659, 0.00929830421345, 1280.94123888
3.00733333333, 3.93537108982e-07, 0.000235164211067, 0.00916765090478, 1280.94002596
3.016, 3.79360367704e-07, 0.000227249453009, 0.00903803232838, 1280.93881977
3.02466666667, 3.65692902719e-07, 0.000219605082941, 0.00890945687883, 1280.93762025
3.03333333333, 3.52516477938e-07, 0.000212221931374, 0.00878193257151, 1280.93642735
3.042, 3.39813507786e-07, 0.000205091125223, 0.00865546704407, 1280.93524103
3.05066666667, 3.27567034282e-07, 0.000198204079329, 0.00853006755793, 1280.93406124
3.05933333333, 3.1576070457e-07, 0.000191552488164, 0.00840574100012, 1280.93288794
3.068, 3.04378749587e-07, 0.000185128317709, 0.00828249388512, 1280.93172108
3.07666666667, 2.93405962831e-07, 0.000178923797504, 0.00816033235698, 1280.93056061
3.08533333333, 2.82827681314e-07, 0.000172931412879, 0.00803926219152, 1280.9294065
3.094, 2.72629765296e-07, 0.000167143897358, 0.00791928879872, 1280.9282587
3.10266666667, 2.62798579921e-07, 0.000161554225237, 0.00780041722528, 1280.92711717
3.11133333333, 2.53320977545e-07, 0.000156155604336, 0.00768265215731, 1280.92598185
3.12, 2.44184280214e-07, 0.000150941468918, 0.00756599792311, 1280.92485272
3.12866666667, 2.35376262944e-07, 0.000145905472789, 0.00745045849623, 1280.92372973
3.13733333333, 2.26885137562e-07, 0.000141041482552, 0.0073360374985, 1280.92261283
3.146, 2.18699537187e-07, 0.000136343571046, 0.00722273820333, 1280.92150199
3.15466666667, 2.10808501423e-07, 0.00013180601093, 0.00711056353909, 1280.92039716
3.16333333333, 2.03201461525e-07, 0.000127423268451, 0.00699951609256, 1280.91929831
3.172, 1.95868226627e-07, 0.000123189997357, 0.00688959811265, 1280.91820539
3.18066666667, 1.88798970466e-07, 0.000119101032976, 0.00678081151405, 1280.91711836
3.18933333333, 1.81984218083e-07, 0.000115151386454, 0.0066731578812, 1280.91603719
3.198, 1.75414833612e-07, 0.000111336239144, 0.00656663847217, 1280.91496184
3.20666666667, 1.69082007871e-07, 0.000107650937144, 0.00646125422279, 1280.91389227
3.21533333333, 1.62977247057e-07, 0.000104090985994, 0.00635700575088, 1280.91282843
3.224, 1.57092361305e-07, 0.000100652045509, 0.00625389336044, 1280.9117703
3.23266666667, 1.51419453789e-07, 9.73299247659e-05, 0.00615191704614, 1280.91071783
3.24133333333, 1.4595091053e-07, 9.41205772245e-05, 0.00605107649773, 1280.90967099
3.25, 1.40679389786e-07, 9.10200959925e-05, 0.00595137110462, 1280.90862974
3.25866666667, 1.3559781304e-07, 8.8024709225e-05, 0.00585279996055, 1280.90759404
3.26733333333, 1.30699355228e-07, 8.5130775658e-05, 0.00575536186829, 1280.90656386
3.276, 1.2597743547e-07, 8.23347802717e-05, 0.00565905534449, 1280.90553917
3.28466666667, 1.21425709047e-07, 7.96333300839e-05, 0.00556387862449, 1280.90451992
3.29333333333, 1.17038058178e-07, 7.70231500668e-05, 0.00546982966732, 1280.90350608
3.302, 1.12808584607e-07, 7.45010791874e-05, 0.00537690616068, 1280.90249762
3.31066666667, 1.08731601186e-07, 7.20640665679e-05, 0.00528510552603, 1280.9014945
3.31933333333, 1.0480162465e-07, 6.97091677615e-05, 0.00519442492367, 1280.90049669
3.328, 1.01013368389e-07, 6.74335411446e-05, 0.00510486125797, 1280.89950416
3.33666666667, 9.73617352962e-08, 6.52344444191e-05, 0.00501641118255, 1280.89851686
3.34533333333, 9.38418109141e-08, 6.31092312244e-05, 0.00492907110556, 1280.89753477
3.354, 9.04488573524e-08, 6.10553478549e-05, 0.00484283719498, 1280.89655786
3.36266666667, 8.71783062403e-08, 5.90703300813e-05, 0.00475770538395, 1280.89558609
3.37133333333, 8.40257533835e-08, 5.71518000727e-05, 0.00467367137617, 1280.89461943
3.38, 8.09869521908e-08, 5.5297463417e-05, 0.00459073065126, 1280.89365785
3.38866666667, 7.80578089446e-08, 5.35051062363e-05, 0.00450887847023, 1280.89270131
3.39733333333, 7.52343764477e-08, 5.17725923966e-05, 0.00442810988088, 1280.89174979
3.406, 7.251284928e-08, 5.00978608071e-05, 0.00434841972325, 1280.89080325
3.41466666667, 6.98895586495e-08, 4.84789228078e-05, 0.00426980263517, 1280.88986166
3.42333333333, 6.73609674739e-08, 4.69138596428e-05, 0.00419225305764, 1280.88892499
3.432, 6.49236655979e-08, 4.54008200174e-05, 0.0041157652404, 1280.88799321
3.44066666667, 6.25743653106e-08, 4.39380177352e-05, 0.00404033324734, 1280.8870663
3.44933333333, 6.03098970359e-08, 4.25237294144e-05, 0.00396595096208, 1280.88614421
3.458, 5.8127204895e-08, 4.11562922802e-05, 0.00389261209337, 1280.88522693
3.46666666667, 5.60233430045e-08, 3.98341020315e-05, 0.0038203101806, 1280.88431441
